Model,RMSFE,Relative to RW
ADL(flat),0.9510650719603836,0.44921069057781143
FAR(CFNAI),1.8016091547626432,0.850942923278698
AR,1.8844194726569061,0.8900562091988432
FADL(J_M=1),2.1135980903934666,0.9983027300461538
RW,2.1171915359740128,1.0
FAR(J_M=1),2.2609041689953484,1.0678789002220437
ADL-MIDAS(J_D=2),3.2400123616725454,1.5303350247817704
"FADL-MIDAS(J_M=1,J_D=2)",3.652666138995316,1.7252412344048547
FADL-MIDAS,3.731730694447901,1.7625853074890179
